{
  "phase": 3,
  "scene": "Parked truck, construction, intersection, turn left, following a van",
  "baseline_uncertainty": 0.000482049654237926,
  "baseline_confidence": 0.9375861883163452,
  "glare_levels": [
    0.0,
    0.15,
    0.3,
    0.45,
    0.6,
    0.75,
    0.9
  ],
  "dropout_rates": [
    0.0,
    0.1,
    0.2,
    0.35,
    0.5,
    0.65,
    0.8
  ],
  "sensitivity_matrix": {
    "uncertainty": [
      [
        0.0003941828035749495,
        0.00036241073394194245,
        0.0003177146427333355,
        0.0004305526672396809,
        0.0005501238047145307,
        0.00041297939606010914,
        0.0003950531536247581
      ],
      [
        0.0003959682071581483,
        0.0002913780335802585,
        0.0003911011153832078,
        0.0004533797036856413,
        0.0004309878859203309,
        0.00030191216501407325,
        0.0003769780450966209
      ],
      [
        0.0003780269471462816,
        0.00032510599703527987,
        0.00034632926690392196,
        0.0006440150318667293,
        0.0002625932975206524,
        0.00036992994137108326,
        0.0005112044746056199
      ],
      [
        0.0003932143154088408,
        0.0004507587000261992,
        0.00031304103322327137,
        0.0003197253681719303,
        0.00039936162647791207,
        0.0003636468609329313,
        0.0005311801796779037
      ],
      [
        0.000497166533023119,
        0.0002928704780060798,
        0.000344875268638134,
        0.000255425984505564,
        0.0004229335463605821,
        0.00036067739711143076,
        0.00039755459874868393
      ],
      [
        0.0004134199698455632,
        0.0006080132443457842,
        0.0003383626462891698,
        0.0004188253078609705,
        0.00043830828508362174,
        0.0004298630519770086,
        0.00025489195832051337
      ],
      [
        0.00043749212636612356,
        0.00046018289867788553,
        0.0005005010170862079,
        0.00042759664938785136,
        0.0004208341706544161,
        0.0003285556740593165,
        0.0004835908184759319
      ]
    ],
    "confidence": [
      [
        0.9389485716819763,
        0.9393335580825806,
        0.9411512613296509,
        0.9382576942443848,
        0.9358649253845215,
        0.9383836984634399,
        0.938439667224884
      ],
      [
        0.9391338229179382,
        0.9409619569778442,
        0.9380967617034912,
        0.9381580352783203,
        0.9385979175567627,
        0.940784215927124,
        0.9394540786743164
      ],
      [
        0.9392393231391907,
        0.9396361112594604,
        0.9398066997528076,
        0.9358575344085693,
        0.9416863918304443,
        0.9403647184371948,
        0.9373766183853149
      ],
      [
        0.9381529092788696,
        0.9370606541633606,
        0.9394790530204773,
        0.9400498270988464,
        0.9393852949142456,
        0.938813328742981,
        0.9333510398864746
      ],
      [
        0.9370847940444946,
        0.9408674836158752,
        0.9408325552940369,
        0.9417386054992676,
        0.9380822777748108,
        0.9395695924758911,
        0.9384115934371948
      ],
      [
        0.9382194876670837,
        0.9347304105758667,
        0.9406250715255737,
        0.9395700693130493,
        0.9390823841094971,
        0.9372305870056152,
        0.9417256116867065
      ],
      [
        0.9346473217010498,
        0.9367237091064453,
        0.9348680973052979,
        0.9359103441238403,
        0.93619704246521,
        0.938625693321228,
        0.9363207817077637
      ]
    ],
    "velocity_kmh": [
      [
        29.4517854791495,
        29.643662686619756,
        29.861858467714786,
        29.760484671308895,
        29.477458156992025,
        30.441078148956137,
        31.035990384518584
      ],
      [
        29.446507708054327,
        29.79638187863982,
        29.680218772183643,
        29.675781913716914,
        30.02007307333302,
        30.71658216216924,
        31.084505217402736
      ],
      [
        29.49763921927797,
        29.730687388950237,
        29.79872665348877,
        28.650196664766668,
        30.428377676004004,
        30.56670749569238,
        30.59868771300399
      ],
      [
        29.45463064540744,
        29.365898583835282,
        29.871320613673515,
        30.066356549408713,
        30.12471045634041,
        30.58288861521916,
        30.498216286122858
      ],
      [
        29.073436412589015,
        29.793712844673536,
        29.802158996288984,
        30.179233572909137,
        30.04817489859245,
        30.590357089511865,
        31.028914304801468
      ],
      [
        29.392648884689283,
        28.590432892886763,
        29.817230450434884,
        29.800869282595997,
        29.993641762730782,
        30.38422237764735,
        31.313325858316034
      ],
      [
        29.311389854647175,
        29.3296476799328,
        29.27087796879305,
        29.77086099805456,
        30.05533341920037,
        30.664195899685243,
        30.724559315434796
      ]
    ],
    "ttc_margin_s": [
      [
        3.541116089063787,
        3.5267252985035182,
        3.510360614921391,
        3.5179636496518327,
        3.539190638225598,
        3.46691913882829,
        3.422300721161106
      ],
      [
        3.5415119218959252,
        3.5152713591020133,
        3.523983592086227,
        3.5243163564712314,
        3.4984945195000234,
        3.446256337837307,
        3.418662108694795
      ],
      [
        3.537677058554152,
        3.520198445828732,
        3.515095500988342,
        3.6012352501424996,
        3.4678716742996993,
        3.4574969378230715,
        3.4550984215247005
      ],
      [
        3.5409027015944416,
        3.5475576062123535,
        3.5096509539744862,
        3.4950232587943466,
        3.4906467157744694,
        3.456283353858563,
        3.462633778540785
      ],
      [
        3.5694922690558233,
        3.5154715366494846,
        3.5148380752783264,
        3.486557482031815,
        3.4963868826055666,
        3.45572321828661,
        3.4228314271398896
      ],
      [
        3.5455513336483038,
        3.6057175330334927,
        3.5137077162173838,
        3.5149348038053,
        3.500476867795191,
        3.4711833216764485,
        3.401500560626298
      ],
      [
        3.551645760901462,
        3.5502764240050393,
        3.5546841523405215,
        3.517185425145908,
        3.4958499935599723,
        3.450185307523607,
        3.4456580513423907
      ]
    ],